,start,stop,reverse,coefficient
b0509,536585,537464,False,0.321224267661
b0508,535709,536486,False,0.316051908943
b0507,533915,535697,False,0.265126662926
b0512,539146,540508,False,0.248491037057
b0063,68347,70048,True,0.176550229787
b0062,66834,68337,True,0.164870677981
b0505,532450,532933,False,0.161867025826
b0061,65854,66550,True,0.1590185926
b0511,537632,539087,False,0.150538624904
b1901,1985138,1986128,True,0.13578834291
b2801,2934234,2935551,False,0.107153682013
b2802,2935583,2937359,False,0.100579648649
b2841,2980763,2982182,True,0.0975348751998
b1900,1983554,1985069,True,0.091064762861
b2799,2931864,2933013,True,0.0900707705285
b2800,2933040,2933688,True,0.0879328209115
b2803,2937467,2938886,False,0.0874471205165
b4460,1982553,1983540,True,0.0872304873034
b0721,755176,755566,False,0.134324873481
b2980,3128271,3129036,False,0.126146877709
b0722,755559,755907,False,0.125284148957
b2181,2277892,2278237,True,0.11904722567
b3820,4004229,4004697,True,0.11172993693
b0432,450662,451610,True,0.110371096583
b1518,1606998,1607289,False,0.100233277193
b0113,122091,122856,False,0.100127176914
b1422,1494147,1495071,True,0.0988392634361
b1778,1862015,1862429,True,0.0962133871947
b3426,3562012,3563518,False,0.0948174378623
b2587,2724447,2725746,True,0.0902288258177
b0346,367586,368420,True,0.0868696594113
b0458,478780,479251,True,0.0858625864945
b0723,755906,757673,False,0.0853936052974
b3603,3777398,3779054,False,0.0843290034344
b3962,4159389,4160790,True,0.082477604334
b3351,3480606,3481161,True,0.0823892535808999
b1189,1237570,1238869,False,0.0819518988886
b0431,448649,450641,True,0.080991891085
b1332,1397364,1397622,False,0.0804498355866
b1777,1861701,1861974,True,0.0776737062621999
b2518,2644432,2644864,True,0.0774489039626999
b1298,1361119,1361884,False,0.0760584342397
b3894,4082771,4085822,True,0.0752265182086
b0724,757688,758405,False,0.0734480080954
b0836,878247,878631,False,0.0708866482936999
b0430,448045,448660,True,0.0702634990043
b2582,2718734,2719154,False,0.0690608220445
b3452,3590023,3590911,True,0.0686957242719999
b2210,2305107,2306754,True,0.0671963956069
b1607,1681694,1682030,True,0.0667925093471
b0557,578599,578893,True,0.0659468008306
b1020,1084991,1086056,False,0.0651563381962
b1190,1238878,1239949,False,0.0650828389296
b3453,3591008,3592325,True,0.0626936048457
b0429,447716,448046,True,0.0620126142869
b0330,346856,348443,True,0.0603177655928
b4705,852868,852997,True,0.0599553876758
b1297,1359489,1360908,True,0.0593305958028
b0124,138834,141225,True,0.0591604375259
b1748,1830761,1831982,True,0.0583869673745
b3528,3682160,3683447,True,0.058092418267
b2241,2352646,2354275,False,-0.0641355796328
b2848,2989303,2989786,False,-0.0662051000166
b0042,43187,44129,False,-0.0673000162939
b2242,2354264,2355524,False,-0.0850964981253
b2847,2988501,2989311,False,-0.0857353376813
b0848,890088,890466,False,-0.0913710471307
b0621,654582,655968,True,-0.0936470308172
b2725,2849973,2850435,True,0.142711499785
b2998,3146449,3146737,True,0.134291447639
b0973,1033253,1035047,False,0.127733444493
b0976,1036353,1036752,False,0.125506991203
b0977,1036748,1037606,False,0.116583215615
b0974,1035065,1035773,False,0.112803303058
b0975,1035769,1036357,False,0.111532523065
b0972,1032138,1033257,False,0.110246552166
b4071,4289244,4289811,False,0.102210008038
b0034,34299,34695,False,0.0995344499284
b2720,2844209,2844752,True,0.0907413813368
b0978,1037739,1039284,False,0.086150550305
b0979,1039295,1040432,False,0.0842672034081
b0763,795088,795862,False,0.0831886074106
b4070,4287763,4289200,False,0.0831368122726999
b4073,4290475,4291432,False,0.0817540709378999
b0734,773041,774181,False,-0.083061636658
b0430,448045,448660,True,-0.0841855232368
b0429,447716,448046,True,-0.0846244499507
b0733,771457,773026,False,-0.0883221735013
b0431,448649,450641,True,-0.0984781198821999
b0432,450662,451610,True,-0.101116079868
b1109,1166084,1167389,False,-0.103147405843
b2579,2716065,2716449,True,-0.123017256735
b1256,1314019,1314658,False,-0.186183207759
b4254,4477306,4478311,True,0.318624743359
b0273,289300,290305,True,0.278845583764
b3958,4155000,4156005,False,0.258739996912
b2818,2949241,2950573,False,0.233153067299
b0860,899843,900575,True,0.227674948757
b3959,4156012,4156789,False,0.210705693348
b3359,3488959,3490180,True,0.178401881019
b3172,3318636,3319980,False,0.177438886641
b3960,4156849,4158223,False,0.177192128963
b3957,4153695,4154847,True,0.0978482787867
b0709,741074,742556,True,0.0977544037753
b0272,288403,289162,True,0.0913866373941
b0032,29650,30799,False,0.0899796027536
b2221,2323446,2324109,False,0.294311708204
b2222,2324108,2324759,False,0.281615210572
b2223,2324755,2326078,False,0.191931983763
b1800,1881911,1882997,False,0.179328632247
b2224,2326108,2327293,False,0.129090376547
b1796,1879402,1879585,True,0.108099153502
b4252,4474861,4475314,False,0.320937096905
b0350,372114,372924,False,0.276486982033
b4253,4475436,4477251,False,0.215759164992
b0351,372920,373871,False,0.210721045684
b0349,371238,372105,False,0.193780299242
b0352,373867,374881,False,0.176638686444
b2899,3042488,3043148,True,0.172957178037
b2323,2440384,2441605,True,0.113609887996
b2599,2737744,2738905,False,0.102751769603
b0954,1015951,1016470,True,0.0889955519116
b4350,4583248,4586761,True,-0.0940180731735
b4363,4601623,4602097,True,-0.0998103526406
b3903,4094722,4095982,True,-0.112059560264
b0061,65854,66550,True,-0.121261616707
b0344,363230,366305,True,-0.143485133376
b0063,68347,70048,True,-0.194855122442
b0062,66834,68337,True,-0.245396894677
b0937,996936,997512,True,0.223452977877
b0365,385231,386194,False,0.21822991616
b0367,386970,387798,False,0.216589017915
b0366,386206,386974,False,0.195171516201
b0368,387794,388646,False,0.177913418364
b0936,995984,996944,True,0.177398945834
b0935,994842,995988,True,0.17135557674
b0934,994040,994832,True,0.161952274622
b3917,4108833,4109823,False,0.150832769007
b4326,4556992,4557385,False,0.105547985004
b3127,3273572,3274907,True,0.342393091043
b3126,3272786,3273557,True,0.333330981609
b2789,2920747,2922100,True,0.324667172001
b3125,3271866,3272751,True,0.305189332284
b2787,2918044,2919385,True,0.257501437949
b2788,2919405,2920746,True,0.256147916681
b3124,3270624,3271770,True,0.246489817045
b3128,3275281,3276853,False,0.219957947177
b0162,182462,183620,False,0.13539329945
b1800,1881911,1882997,False,0.0991495097006
b0795,828973,829972,True,0.228742024953
b0794,827244,828981,True,0.203338029784
b0793,826118,827252,True,0.200773033611
b0792,825001,826108,True,0.198534690404
b0796,829971,830643,True,-0.27205907714
b0572,595599,596973,False,0.481008252785
b0573,597130,597463,False,0.45043912608
b0574,597478,598702,False,0.425392920625
b0575,598713,601857,False,0.337475358821
b0571,594759,595443,True,0.15773638895
b0570,593327,594770,True,0.147395468745
b0484,508874,511379,True,0.0969235035457
b0123,137082,138633,False,0.0722003232181
b4484,4105819,4106320,False,0.289190419585
b1535,1622959,1623850,True,0.201997004701
b1113,1169411,1170374,True,0.184040607745
b1846,1929047,1929707,True,0.162495716664
b1843,1925439,1926096,False,0.129084871006
b0970,1030758,1031418,True,0.101888874601
b2597,2737153,2737495,False,0.097830720195
b4188,4416016,4416292,True,0.0968805225601
b0461,480333,480708,True,0.0963060334638
b1902,1986924,1987428,False,0.0962144564778
b3088,3238579,3239545,False,0.0919670070429
b1829,1911694,1912576,True,0.0876931531417
b0837,878741,879857,False,0.0868683319076
b1600,1673135,1673501,True,0.0777433771112
b0460,480089,480308,True,0.0777033879141
b1597,1671375,1671684,False,-0.080996630395
b0287,302990,303605,False,-0.117706989163
b2169,2262364,2263495,True,0.461724978504
b2168,2261426,2262365,True,0.375258079358
b2167,2259718,2261410,True,0.365541995301
b1241,1295445,1298121,True,0.131058227429
b2165,2257428,2258367,True,0.127057613872
b2927,3072671,3073691,True,0.121107660508
b2166,2258354,2259296,True,0.111722984414
b3612,3785259,3786804,False,0.101155334443
b2926,3071458,3072622,True,0.0715720601378999
b2925,3070164,3071244,True,0.0681497301714
b1780,1863849,1864734,False,0.0646478398324
b3365,3494010,3496554,False,0.0638772260641
b4232,4454610,4455609,True,-0.0709614990751
b1702,1784733,1787112,True,-0.202126215399
b0080,88027,89032,False,-0.269700681266
b3708,3888729,3890145,False,0.150103357334
b4068,4284898,4285213,True,0.121835101943
b0553_1,575785,576825,True,0.108809403767
b4067,4283252,4284902,True,0.102256254296
b3709,3890235,3891483,False,0.0978915700444
b4069,4285412,4287371,True,0.0945308209358
b0651,683476,684412,True,0.0933006836658999
b0268,282277,283186,False,0.0904430187118
b3599,3772280,3774194,False,0.086889886802
b1423,1495287,1496631,False,0.0801438384782
b1440,1511653,1512799,False,0.0793902730497
b4090,4313349,4313799,False,0.076564649446
b3600,3774423,3775572,False,0.0762023497814999
b4216,4438707,4439262,True,0.0756167609583
b0791,824629,825040,False,0.0754040412941
b3601,3775571,3776159,False,0.0744832171652
b1415,1488231,1489671,False,0.0738482918713
b2175,2269978,2270545,False,0.0732989208798999
b4055,4269413,4270127,False,0.0728852460229
b4240,4464758,4466180,True,0.0714428703921
b3225,3372682,3373576,True,0.0712430796135
b2844,2984410,2985592,True,0.0706518327043
b3588,3754972,3756511,True,0.0704463391535
b2535,2665434,2666715,False,0.0686146760673
b0598,629893,631999,False,0.0681788322891
b1441,1512816,1513830,False,0.0679749765245
b1976,2043650,2044448,False,0.065735608125
b2151,2240627,2241668,True,0.0648494384519
b4487,4313867,4314197,False,0.0643817244286
b1776,1860255,1861332,True,0.0626088216166
b3020,3166110,3167718,True,0.061701032729
b2166,2258354,2259296,True,0.0613194499009
b3224,3371083,3372574,True,0.0610294499972
b0721,755176,755566,False,0.0595686342006
b2272,2386933,2387437,False,0.0590012093577
b3132,3278913,3280194,False,0.0587400398228
b0729,764179,765049,False,0.058112689164
b4139,4366890,4368327,True,0.0571464482047
b1442,1513830,1514772,False,0.0564245452628
b2869,3004007,3005786,True,0.0563586660469
b0899,947228,948659,False,0.0558758881107
b1895,1979752,1980181,False,0.0551115098824
b3934,4123430,4124456,True,0.0548756865524
b3748,3933350,3933770,False,0.0547032860081999
b3081,3231664,3233683,False,0.0546482570487
b3133,3280216,3280690,False,0.054641006972
b2957,3099681,3100728,True,0.0545710555687
b0080,88027,89032,False,0.0544320532556
b3134,3280700,3281075,False,0.0539214396681
b1853,1936651,1937521,False,0.0536686856523
b0269,283200,285168,False,0.0535730968668
b0306,321607,322327,False,0.0534729539497
b1617,1694259,1696071,True,0.053410671365
b3092,3243328,3244741,True,0.0527683088192
b3570,3736352,3737177,True,0.0526858760983
b4128,4352583,4352880,False,-0.057969803156
b4123,4347403,4348744,True,-0.0589014809755
b1020,1084991,1086056,False,-0.0603437024521
b1008,1070364,1070955,True,-0.0612160673738
b0836,878247,878631,False,-0.0620968238575
b2093,2174281,2174566,True,0.275007511176
b2092_2,2172920,2173362,True,0.266735280708
b2092_1,2173364,2174278,True,0.254217952059
b2091,2171832,2172873,True,0.253578229926
b2094,2174596,2175049,True,0.233687110684
b2095,2175058,2176321,True,0.210647023963
b2096,2176349,2177204,True,0.187817020824
b1426,1498650,1498875,False,0.141496054269
b2149,2237768,2239289,True,0.114381748725
b2150,2239349,2240348,True,0.112011725183
b2597,2737153,2737495,False,0.10398614809
b4498_1,2171428,2171727,True,0.0926901316196
b2148,2236742,2237753,True,0.092341701596
b1817,1902047,1903019,False,0.0854568765958
b1818,1903081,1903882,False,0.084033369375
b1819,1903894,1904746,False,0.0834372928787
b4357,4594936,4595851,True,0.0775646374071
b0553_1,575785,576825,True,0.0717057317635
b1415,1488231,1489671,False,0.0705340495476
b1101,1157868,1159302,False,0.06435908882
b4021,4229452,4230142,True,0.0634718168798
b3001,3147896,3148937,False,0.0620040663658
b1145,1202258,1202933,True,0.0599491840576
b3358,3486790,3488893,False,0.0567945795105
b3403,3532817,3534440,False,0.0533306172801
b2239,2349934,2351011,True,0.0527685925246
b2151,2240627,2241668,True,0.0527325411999
b4267,4493374,4494406,True,0.0523700311167
b1205,1258790,1259069,False,0.0520401086534
b2796,2928228,2929518,False,0.0518742191201
b1143,1201496,1201838,False,0.0491028925804
b2240,2351015,2352374,True,0.0489791433486
b0723,755906,757673,False,0.0489201084411
b2143,2231843,2232728,False,0.0483436861256
b1596,1669698,1670952,False,-0.0518681179181
b3774,3957969,3959445,False,-0.0522366930954
b3601,3775571,3776159,False,-0.0529965396673
b3600,3774423,3775572,False,-0.0579536172684
b3476,3613666,3615241,False,-0.0619274734509
b3599,3772280,3774194,False,-0.0632956357206
b3881,4071772,4072651,True,0.295923397452
b3882,4072674,4073571,True,0.287140129062
b3878,4067239,4069276,True,0.276714993145
b3880,4070514,4071756,True,0.271183048011
b3879,4069474,4070401,True,0.265271123229
b3877,4065808,4067194,True,0.253858165166
b3875,4063602,4064295,True,0.243705582099
b3883,4073738,4074635,False,0.226011732218
b3876,4064362,4065766,True,0.210268427481
b3884,4074668,4075454,False,0.107583276934
b2425,2542511,2543528,True,0.25009687874
b2752,2875420,2876329,True,0.238254515947
b2764,2890098,2891898,True,0.23392962014
b2424,2541678,2542512,True,0.231291113151
b1287,1348979,1350107,True,0.212130205854
b2763,2888386,2890099,True,0.204021975988
b2423,2540803,2541679,True,0.199604497339
b2751,2873991,2875419,True,0.186811507304
b2750,2873386,2873992,True,0.177804128077
b2013,2084466,2085525,True,0.17298123317
b2422,2539716,2540814,True,0.17058561811
b2762,2887577,2888312,True,0.160717635163
b2012,2084225,2084453,True,0.153065915036
b1729,1810933,1812325,False,0.147789329584
b3917,4108833,4109823,False,0.137979106934
b1987,2059963,2060914,True,0.123162752965
b2414,2532408,2533380,False,0.116958338028
b0828,866567,867533,False,0.0784856897103999
b0829,867519,869391,False,0.0778972801738
b2421,2538671,2539583,True,0.0774580594502
b1920,1999584,2000385,True,0.0726452540376
b1199,1249124,1249757,True,0.236034901933
b1200,1249767,1250838,True,0.235419197549
b1198,1247695,1249114,True,0.218730126158
b3599,3772280,3774194,False,0.158208320776
b2943,3088283,3089678,False,0.152910741801
b3600,3774423,3775572,False,0.124124200073
b1818,1903081,1903882,False,0.116913045167
b1101,1157868,1159302,False,0.116221056195
b1817,1902047,1903019,False,0.11594412725
b1819,1903894,1904746,False,0.106110203971
b2416,2534065,2535793,False,-0.29974104516
b2375,2493766,2494402,True,0.311186268924
b2374,2492003,2493254,True,0.281061590869
b1597,1671375,1671684,False,0.277402124699
b2373,2490255,2491950,True,0.251293639975
b2372,2489241,2490186,True,0.246215465912
b1499,1582925,1583687,True,0.243266791505
b2085,2167988,2168306,True,0.210130217898
b1501,1584206,1586486,True,0.178046327985
b2376,2494697,2494973,False,0.176085683361
b2371,2488022,2489168,True,0.1752032451969999
b2368,2482175,2483339,True,0.168250543971
b2367,2480637,2482176,True,0.140348645065
b2082,2167301,2167520,True,0.115918514285
b1469,1542671,1544060,True,0.0970797661357
b1223,1277956,1279348,False,0.0885040976458999
b1466,1536613,1537309,True,0.0798440711658999
b1467,1537308,1538853,True,0.0764122794084
b1468,1538849,1542590,True,0.0729192550784
b4354,4589128,4591279,True,0.0680037620706
b2106,2185916,2186741,False,-0.0786603373806
b2800,2933040,2933688,True,0.309758025969
b2801,2934234,2935551,False,0.283474871409
b2802,2935583,2937359,False,0.268880489973
b2799,2931864,2933013,True,0.240165439027
b2803,2937467,2938886,False,0.219014861087
b1521,1609228,1610680,True,0.180819233457
b3092,3243328,3244741,True,0.170713618851
b3091,3241826,3243314,True,0.162493073555
b2804,2938887,2939310,False,0.159586590975
b3011,3155354,3156518,False,0.132016426918
b2172,2266244,2267711,False,0.116642878135
b3093,3245223,3246522,False,0.108942657434
b0268,282277,283186,False,0.0893530965039
b4025,4233757,4235407,False,0.0880608580031999
b0269,283200,285168,False,0.0821940520236
b0221,240858,243303,True,0.231168572182
b3846,4028781,4030971,True,0.21041863573
b3845,4027608,4028772,True,0.192928657776
b0443,464401,464800,False,0.173004739203
b2342,2459158,2460469,True,0.1625170577019999
b2341,2457014,2459159,True,0.161328523502
b3081,3231664,3233683,False,0.1336429307619999
b3963,4161123,4161771,False,0.111865145192
b4015,4217108,4218413,False,0.0838624068697
b1949,2022615,2022885,False,-0.0840007581257
b0954,1015951,1016470,True,-0.1331738421619999
b0557,578599,578893,True,-0.14296780835
b1187,1234937,1235657,False,-0.321675130489
b4291,4514352,4516677,True,0.243163208076
b4290,4513405,4514308,True,0.207833656956
b4289,4512410,4513409,True,0.189965688734
b4288,4511457,4512414,True,0.156310855655
b4287,4510689,4511457,True,0.139526235512
b4039,4252505,4253003,False,0.114675454178
b0595,627693,628551,False,0.0859372616384
b4490_2,1081459,1082185,False,-0.120450292029
b1019,1083375,1084647,False,-0.120649681668
b1018,1082242,1083370,False,-0.132147850269
b1073,1131017,1131434,False,0.245173926538
b1074,1131437,1131842,False,0.231061325388
b1922,2001069,2001789,True,0.230495438595
b1075,1131853,1132549,False,0.228282968509
b1076,1132573,1133782,False,0.209776364269
b1077,1133801,1134557,False,0.200984114945
b1944,2019617,2020082,False,0.190346939086
b1938,2013228,2014887,False,0.183944288715
b1078,1134728,1135511,False,0.17159459921
b1945,2020086,2021091,False,0.163980421524
b1946,2021087,2021501,False,0.15664121335
b1939,2014879,2015875,False,0.155948056478
b1941,2016553,2017927,False,0.155776705606
b1940,2015867,2016554,False,0.155413537129
b1937,2012699,2013014,True,0.151690176814
b1079,1135563,1136262,False,0.150147589025
b1880,1965042,1966191,True,0.148750311362
b1072,1130203,1130863,True,0.142878645084
b1904,1988221,1988545,False,0.138629720472
b1081,1137370,1138312,False,0.138031031847
b1080,1136273,1137371,False,0.137912436775
b1942,2017945,2018389,False,0.134658336498
b1921,2000472,2001024,True,0.13317570517
b1947,2021503,2021869,False,0.127436221445
b1948,2021868,2022606,False,0.11725128956
b1943,2018385,2019513,False,0.109954701711
b1878,1962579,1962972,True,0.0917758189158
b1044,1105413,1105725,False,0.0914178245999
b1924,2003871,2005278,False,0.0905489387388
b1949,2022615,2022885,False,0.0854987342076
b1082,1138377,1140021,False,0.084986807394
b1071,1129834,1130128,True,0.0777305325315
b1879,1962971,1965050,True,0.0775280722746
b1070,1129413,1129830,True,0.0769540365418
b1925,2005302,2005713,False,0.0717434667769
b1083,1140032,1140986,False,0.0652484503914
b1926,2005712,2006078,False,0.0584802333925
b3525,3678419,3679187,True,0.058446405113
b1950,2022892,2023678,False,0.0572218627863
b1891,1977265,1977844,True,0.051025442502
b1892,1977846,1978197,True,0.0498454757865
b1923,2002109,2003606,True,0.240685269368
b1886,1971029,1972691,True,0.226284475887
b1885,1969382,1970984,True,0.215075445769
b1194,1243792,1244527,True,0.212923548261
b3525,3678419,3679187,True,0.207409107491
b1888,1973359,1975324,True,0.204411332866
b1887,1972835,1973339,True,0.20212372201
b1884,1968503,1969364,True,0.200504697703
b1890,1976251,1977139,True,0.198763354914
b4355,4591656,4593312,False,0.194812697312
b1889,1975328,1976255,True,0.192128161971
b1882,1967047,1967437,True,0.187182151789
b1883,1967451,1968501,True,0.180119409589
b1881,1966392,1967037,True,0.1723335782449999
b1566,1646404,1646737,False,0.164854154074
b1742,1824361,1824937,True,0.14641482183
b4110,4329359,4330238,False,0.135226767387
b1924,2003871,2005278,False,0.130240149013
b1760,1841862,1842135,True,0.122475984164
b1421,1492469,1494110,False,0.120502342502
b3666,3845775,3847167,True,0.118507786264
b1082,1138377,1140021,False,0.11334325415
b1083,1140032,1140986,False,0.10578761772
b1925,2005302,2005713,False,0.101596937263
b1926,2005712,2006078,False,0.0957463606759
b3072,3217555,3219076,True,0.0898101773253
b1071,1129834,1130128,True,0.0784773305487
b1070,1129413,1129830,True,0.0712023691587
b0763,795088,795862,False,0.0549330959124999
b0764,795861,796551,False,0.0526360655136
b3158,3301484,3302480,False,0.243397537573
b3476,3613666,3615241,False,0.20876312522
b1750,1833400,1834111,False,0.18372128287
b1593,1666523,1667219,True,0.1745810686099999
b1256,1314019,1314658,False,0.172652856887
b2579,2716065,2716449,True,0.16614338164
b3060,3205323,3206256,True,0.160754716851
b3408,3540162,3540390,False,0.132607066909
b3365,3494010,3496554,False,0.127553324813
b1223,1277956,1279348,False,0.126690025712
b0836,878247,878631,False,0.122766570913
b2208,2303002,2303497,True,0.120883624421
b1541,1629214,1629418,False,0.120726372568
b3211,3353120,3354050,True,0.114647681233
b1751,1834115,1834793,False,0.114211048125
b1587,1658068,1660495,False,0.114203394969
b0904,953608,954466,True,0.113294711562
b3159,3302488,3303367,False,0.108770902713
b0894,940958,943403,False,0.103256069549
b4380,4615514,4617065,True,0.0997795340653
b1906,1989250,1989490,True,0.0984292720125
b2207,2302749,2303013,True,0.0933457062316
b1785,1870384,1871860,False,0.0919172942239
b4582_1,2068634,2068940,False,0.0916198054711
b1474,1547400,1550448,False,0.0915144899056
b4238,4460521,4462660,True,0.0877960143161
b1757,1839466,1840774,False,0.0853985814903999
b1224,1279863,1283607,False,0.0790628631397
b2727,2851000,2851873,False,0.0772091106356
b3477,3615240,3616185,False,0.0684329000795
b0919,971751,972645,False,0.0678446375423
b3409,3540406,3542728,False,0.0669117686157
b2997,3145142,3146261,True,0.0652994744068
b4139,4366890,4368327,True,0.0637131902477
b4154,4380509,4382318,True,0.063658614748
b0715,746722,747769,True,0.0618519947399999
b0621,654582,655968,True,0.0597749559287
b3366,3496550,3496877,False,0.0589507351535
b2298,2417080,2418601,False,0.0566817903583
b2531,2661642,2662131,True,-0.0940968102473
b2155,2244777,2246769,True,0.247534135813
b0584,610253,612494,True,0.24747058241
b0805,839248,841531,True,0.245032464549
b0586,614156,618038,False,0.206488459956
b0585,612736,613939,False,0.197510070687
b0594,626069,627680,False,0.173521108128
b0595,627693,628551,False,0.172764171299
b0804,838529,839207,True,0.169381770941
b0583,609458,610079,True,0.169132413924
b0593,624884,626060,False,0.166298635076
b1102,1159361,1161551,True,0.164437755738
b4511,613941,614160,False,0.161348872468
b0596,628550,629297,False,0.155965060867
b0597,629299,629713,False,0.149544833218
b2676,2803501,2804461,False,0.124804390152
b4567,4605803,4606040,False,0.120401479681
b2675,2801347,2803492,False,0.119478124036
b2674,2800964,2801375,False,0.115032415854
b0591,622299,623550,False,0.107136989078
b1705,1789612,1789804,False,0.106152587503
b1452,1523306,1524368,False,0.104934937545
b2673,2800722,2800968,False,0.104328374318
b0588,619383,620199,True,0.103335228459
b0589,620195,621188,True,0.0960844715708999
b0590,621184,622189,True,0.0896797585327
b1681,1760519,1761791,True,0.0860804647248
b0592,623553,624510,True,0.0852274187136
b1679,1758873,1759290,True,0.0840601850822
b4292,4516763,4517717,True,0.0826803411301
b1684,1764017,1764386,True,0.0822508752499
b1683,1762521,1764009,True,0.0811732549523999
b1680,1759302,1760523,True,0.0809211122336
b1682,1761765,1762512,True,0.0805192359502
b1495,1575246,1577619,True,0.078044557095
b1496,1577656,1579342,True,0.076585866514
b4293,4517713,4518235,True,0.0762288510894
b0587,618253,619387,False,0.0681756976187
b4582_1,2068634,2068940,False,0.067788776119
b1494,1572406,1575202,True,0.0672987229365
b4291,4514352,4516677,True,0.0637641495909
b0803,838189,838456,True,0.0632121512371999
b0152,170574,171465,False,0.0616585188405
b0151,169777,170575,False,0.0582586843865999
b0153,171461,173444,False,0.057953499085
b3070,3215726,3216491,True,0.054751406672
b4640_1,2067457,2067892,True,-0.058391580964
b3336,3466248,3466725,True,-0.0602569690508
b1656,1735377,1735959,False,-0.104642390887
b4367,4604874,4605663,True,0.240631595533
b0150,167483,169727,False,0.190665306708
b0590,621184,622189,True,0.147706539127
b3337,3466796,3466991,True,0.145295786852
b0591,622299,623550,False,0.130018473155
b3006,3151249,3151984,True,0.126099035894
b3408,3540162,3540390,False,0.122971197272
b0588,619383,620199,True,0.121926051647
b1252,1311088,1311808,False,0.121358066797
b0589,620195,621188,True,0.120050087615
b2211,2306971,2308615,True,0.112918766484
b0151,169777,170575,False,0.112336038467
b3409,3540406,3542728,False,0.111661233136
b3005,3150817,3151243,True,0.110469777831
b0585,612736,613939,False,0.106237233076
b4293,4517713,4518235,True,0.096470483112
b0152,170574,171465,False,0.0960388287408
b0468,490881,491259,False,0.0931433957561
b1452,1523306,1524368,False,0.0930816692558
b0592,623553,624510,True,0.0911503517565
b2673,2800722,2800968,False,0.0906191728557
b3515,3663889,3664618,True,0.0898283204175
b4490_2,1081459,1082185,False,0.0877845815092
b2146,2234032,2235271,False,-0.089343235743
b1673,1751727,1753830,True,-0.0989933934026
b1674,1753850,1754477,True,-0.123377339133
b1905,1988715,1989213,False,-0.127220243044
b3512,3658365,3658893,False,0.371197901609
b3509,3655965,3656292,True,0.331912266925
b3517,3666179,3667580,True,0.306228657076
b1493,1570644,1572045,True,0.303796576299
b3511,3656994,3657567,False,0.292788875826
b3510,3656407,3656740,True,0.287175197929
b3508,3655254,3655902,True,0.281193244534
b1492,1568953,1570489,True,0.275228283465
b3491,3634840,3635893,False,0.167656561444
b3506,3653960,3654527,False,0.0807964388969
b4187,4414274,4415900,False,0.0764993816544
b3513,3659231,3660389,False,0.074701915723
b3507,3654682,3655213,False,0.0616176797877
b3514,3660413,3663527,False,0.0528286578109
b4377,4612410,4613484,False,0.0495773298807
b0485,511640,512573,False,0.0490756174157
b3515,3663889,3664618,True,-0.0577513940671999
b3516,3664985,3665810,True,0.296672209595
b3506,3653960,3654527,False,0.203207918157
b3513,3659231,3660389,False,0.198928898792
b3507,3654682,3655213,False,0.186096804178
b3514,3660413,3663527,False,0.185084929934
b0485,511640,512573,False,0.181090299042
b3515,3663889,3664618,True,0.1689123996709999
b0486,512575,513868,False,0.162430317926
b2905,3049572,3050667,True,0.303439315703
b2904,3049159,3049549,True,0.291025409867
b2903,3046167,3049041,True,0.267791224423
b2902,3045157,3045901,True,0.145836190999
b4468,3125469,3126522,True,0.333323064305
b2979,3126521,3128021,True,0.32455743838
b2977,3123826,3124231,True,0.278933323904
b4467,3124235,3125459,True,0.254978027424
b2976,3121633,3123805,True,0.252631997325
b2975,3119596,3121279,True,0.173721378071
b2241,2352646,2354275,False,0.375661749545
b3426,3562012,3563518,False,0.350034471247
b2242,2354264,2355524,False,0.328961341812
b2243,2355520,2356711,False,0.315751759262
b3927,4117244,4118090,True,0.3123074358
b2240,2351015,2352374,True,0.306133879513
b3926,4115713,4117222,True,0.290235206535
b2239,2349934,2351011,True,0.211384220876
b3925,4114568,4115579,True,0.0842779420501
b4267,4493374,4494406,True,0.349028177884
b4266,4492586,4493351,True,0.308697652244
b4268,4494622,4495186,False,0.258420723561
b4265,4491205,4492525,True,0.233266996461
b3437,3577064,3577592,True,0.231593493492
b4476,3575720,3577061,True,0.212501689637
b3415,3546558,3547875,False,0.175592940504
b1851,1932792,1934604,True,0.171397026748
b3893,4081856,4082759,True,0.129462834753
b3892,4081224,4081860,True,0.111146322854
b3161,3304572,3305817,True,0.0960412431555
b4264,4490140,4491139,True,0.0922001578188
b1850,1932114,1932756,True,0.0813360100887
b1907,1989680,1990892,False,-0.102208722767
b0112,120177,121551,True,-0.108163226906
b2021,2092397,2093468,False,0.268062825063
b2020,2091096,2092401,False,0.263900440168
b2019,2090191,2091091,False,0.250474410607
b2022,2093467,2094535,False,0.238115637555
b2023,2094534,2095125,False,0.237685945485
b2024,2095124,2095862,False,0.235584197595
b2025,2095843,2096620,False,0.227212399069
b2026,2096613,2097225,False,0.203182679121
b4388,4624894,4625863,False,-0.175619947829
b3769,3952200,3952464,False,0.210018404775
b4488_2,3951541,3952204,False,0.191812149879
b4488_1,3950559,3951543,False,0.175042808633
b3771,3953477,3955328,False,0.14618997286
b3772,3955330,3956875,False,0.14609431455
b0003,2800,3733,False,0.1375497712749999
b3770,3952483,3953413,False,0.135232979628
b0004,3733,5020,False,0.134220744954
b3774,3957969,3959445,False,0.1309875219679999
b0074,81957,83529,True,0.124967993407
b0073,80866,81958,True,0.12070393439
b0072,79463,80864,True,0.120176569946
b0071,78847,79453,True,0.117260503614
b0005,5233,5530,False,0.0964734254086
b2670,2799163,2799613,False,0.204085116245
b1190,1238878,1239949,False,0.149637469947
b1634,1712768,1714271,False,0.142397003558
b1189,1237570,1238869,False,0.142296990501
b2209,2303904,2304393,False,0.134311791349
b1244,1302898,1303819,False,0.126800639854
b2845,2985846,2987076,False,0.125257020554
b1245,1303833,1304742,False,0.117009491077
b2796,2928228,2929518,False,0.116954827006
b1246,1304753,1305767,False,0.116034199372
b2797,2929575,2930943,False,0.109556549995
b1243,1301181,1302813,False,0.107931059725
b1247,1305763,1306768,False,0.107395197889
b3617,3791354,3792551,True,0.094456569958
b1798,1880120,1880759,True,0.0905213978371
b3616,3790319,3791345,True,0.0901239501999
b4045,4259236,4259446,False,0.0767631415508
b1605,1679556,1680939,False,0.0745397152661
b1534,1621331,1622519,False,0.0741645852211
b3496,3640861,3642331,False,0.0727728574161
b4129,4353199,4354717,True,0.0719789149717999
b3673,3853921,3855106,False,0.069981903208
b3089,3239943,3241188,False,0.0680431891670999
b0381,399828,400923,True,0.0623995114888
b1814,1896931,1898296,False,0.0598666475881
b0078,87356,87848,False,-0.088866036921
b0077,85629,87354,False,-0.0907101490999
b3774,3957969,3959445,False,-0.0980156188109
b2669,2798090,2798495,True,-0.115502671725
b3829,4013052,4015314,False,-0.134728603597
b3523,3674785,3676108,False,-0.146816070208
b3454,3592723,3593437,True,-0.177879889532
b3455,3593438,3594206,True,-0.189470496857
b3456,3594202,3595480,True,-0.189890451728
b3457,3595476,3596403,True,-0.192426566967
b3458,3596450,3597560,True,-0.199420318
b3460,3598554,3599658,True,-0.205330001173
b4036,4247970,4249311,False,0.349483158142
b4035,4246783,4247899,False,0.340565736977
b4034,4245228,4246419,True,0.306052378255
b4037,4249553,4250474,False,0.289040773847
b4032,4242625,4243516,True,0.2171944878
b4033,4243530,4245075,True,0.21289573224
b3417,3550079,3552473,True,0.145714612323
b3418,3553084,3555790,False,0.134500718249
b3416,3547985,3550070,True,0.117682902193
b3941,4132615,4133506,False,0.288795273339
b4013,4214279,4215209,False,0.272038188803
b3828,4011862,4012816,True,0.229073696938
b0260,275324,276728,False,0.216008639038
b3829,4013052,4015314,False,0.210909692165
b0600,633585,634746,False,0.206409391609
b0599,632388,633477,True,0.176937672039
b0199,221613,222645,True,0.176366738246
b3939,4128671,4129832,False,0.165734701841
b2942,3086705,3087860,False,0.159665918776
b0198,220967,221621,True,0.140480571619
b0261,276714,277647,False,0.136111803757
b3008,3152235,3153423,False,0.135950677399
b3940,4129834,4132267,False,0.130638373486
b0197,220112,220928,True,0.122574995402
b3937,4127285,4127894,True,0.0983246743963999
b3938,4128077,4128395,True,0.0953583531582
b1988,2061015,2061933,True,0.413554725057
b1932,2010599,2011079,False,0.2163019119
b1440,1511653,1512799,False,0.153277274424
b1441,1512816,1513830,False,0.148582528817
b1443,1514761,1515556,False,0.127620353295
b1444,1515577,1517002,False,0.1271261431739999
b1442,1513830,1514772,False,0.126765798425
b3225,3372682,3373576,True,0.122643718955
b1339,1404740,1405649,False,0.118707524651
b2883,3025765,3027085,False,0.11808324304
b4208,4429863,4431276,False,0.11223281812
b1384,1446377,1447283,True,0.101823082622
b2663,2794252,2795653,False,0.0993235044369
b3043,3185413,3185965,False,0.098107402803
b0336,354921,356181,False,0.0932142074393
b3446,3584758,3585043,False,0.0887936085606999
b2662,2792734,2794015,False,0.0861004790239
b4464,3027120,3028488,False,0.0809859580308
b3543,3704770,3705790,True,0.0799871535629
b0644,675569,676547,True,0.0795416858529
b0929,985893,986982,True,0.073432333698
b3324,3455577,3456393,False,0.073158250859
b2664,2795673,2796336,False,0.0717660565492
b3544,3706097,3707705,True,0.0707819816172
b2661,2791272,2792721,False,0.0699277495956
b3540,3701863,3702868,True,0.0679827789033
b4646_2,3404731,3405031,False,0.0677758820243
b3326,3458338,3459820,False,0.0653618182344
b3712,3893880,3894630,False,0.064716131944
b3541,3702864,3703848,True,0.0645004733321
b1981,2053642,2054959,False,-0.0688092282029999
b3213,3359197,3360616,False,-0.0865411108537
b3212,3354724,3359185,False,-0.0870785833454
b3523,3674785,3676108,False,-0.0909116018673
b0338,357790,358690,True,-0.108094418319
b2913,3057177,3058410,True,-0.109838044602
b3744,3927154,3928147,False,-0.165890895134
b0678,702810,703611,True,0.313853360233
b1498,1580841,1582524,True,0.308468421217
b0679,703943,705890,False,0.258925321604
b0677,701602,702751,True,0.235293521078
b1497,1579632,1580790,True,0.224264729235
b0681,708333,709740,False,0.192714593666
b1737,1819855,1821214,True,0.141344236918
b1734,1817147,1818500,True,0.141069579324
b3161,3304572,3305817,True,0.115909782966
b1907,1989680,1990892,False,0.103837180448
b2943,3088283,3089678,False,0.10340080156
b1634,1712768,1714271,False,0.10077181264
b1738,1821298,1821619,True,0.0891215718663
b1735,1818604,1819447,True,0.0832341646614999
b3730,3913829,3915200,True,-0.0891683930034999
b0112,120177,121551,True,-0.109639472196
b3729,3911838,3913668,True,-0.121363101195
b2205,2299564,2300260,True,0.216274272284
b2203,2298268,2298718,True,0.202265288212
b2206,2300266,2302753,True,0.193006834794
b2204,2298714,2299578,True,0.187707279684
b3367,3497002,3497809,False,0.1792303113789999
b1223,1277956,1279348,False,0.173892905036
b1227,1285848,1286526,False,0.162455700708
b3366,3496550,3496877,False,0.16136316747
b3365,3494010,3496554,False,0.1540319328969999
b1225,1283603,1285142,False,0.152570624969
b1226,1285138,1285849,False,0.150392429368
b1224,1279863,1283607,False,0.140729631032
b2208,2303002,2303497,True,0.126674996117
b2202,2297656,2298259,True,0.120980448641
b2207,2302749,2303013,True,0.107424590408
b2111,2191679,2192222,True,0.100977148732
b2197,2294900,2295380,True,0.100970247458
b4070,4287763,4289200,False,0.0995847656572
b2201,2297020,2297644,True,0.0906684214478
b4073,4290475,4291432,False,0.0886043763451999
b4071,4289244,4289811,False,0.0880569317143
b4072,4289807,4290479,False,0.0873780525413
b0895,943413,944031,False,0.0849125537953
b0896,944032,944896,False,0.0845094170305
b2199,2295582,2296320,True,0.0839202500401
b2195,2292406,2292964,True,0.0813077493068
b4506,312373,312514,True,0.0765686919529999
b2196,2292960,2294904,True,0.0718036012253
b3476,3613666,3615241,False,-0.0995294890037
b3476,3613666,3615241,False,0.30250683522
b3477,3615240,3616185,False,0.289277699401
b3479,3617014,3617779,False,0.27212181607
b3478,3616181,3617015,False,0.246222578288
b3480,3617775,3618582,False,0.230074220148
b0208,229966,230881,True,0.111987617964
b1012,1072862,1074011,True,0.296633468053
b1011,1072170,1072863,True,0.281614856368
b1009,1070964,1071765,True,0.247895206254
b0450,472597,472936,False,0.236957795848
b1008,1070364,1070955,True,0.232500602116
b1010,1071772,1072159,True,0.226804761051
b0451,472965,474252,False,0.211032307295
b1007,1069859,1070354,True,0.201302929567
b1488,1562494,1563076,True,0.179818619533
b1006,1068510,1069839,True,0.171797138525
b1487,1560930,1562481,True,0.156801058048
b3268_2,3419106,3420066,False,0.141538887876
b1486,1559906,1560929,True,0.139768652242
b1483,1557111,1558038,True,0.118015603462
b1748,1830761,1831982,True,0.113697620485
b1484,1558030,1559017,True,0.112420162994
b1747,1829730,1830765,True,0.107474368471
b1485,1559013,1559910,True,0.106861212766
b1987,2059963,2060914,True,0.103097722071
b1744,1825954,1826923,True,0.0933500119965
b1745,1826915,1828259,True,0.0885605020408999
b1746,1828255,1829734,True,0.0869323768064
b2310,2427008,2427791,True,0.0861951759437
b2876,3014286,3015057,True,0.084026176404
b2875,3012613,3014239,True,0.0826875329477
b3270,3421324,3422428,False,0.0816439992231
b4002,4201262,4201688,True,0.0795523652638
b3870,4056624,4058034,True,0.0713047484143
b1932,2010599,2011079,False,0.0703351863829
b3269,3420133,3421315,False,0.0695873321637
b1596,1669698,1670952,False,0.0645774526455
b2726,2850646,2850997,False,0.061889737622
b3271,3422435,3423194,False,0.0572427352415999
b3073,3219493,3220873,False,0.0570263185634
b2870,3006261,3007452,False,0.0567243856175
b3869,4055289,4056339,True,0.0559518101808
b3868,4053868,4055278,True,0.0558534825216
b1218,1272506,1273202,False,0.0456800723451
b2659,2788984,2789962,False,0.0456619583227
b1826,1908622,1908766,True,0.0452766780128
b4242,4467624,4470321,False,0.045066061869
b1597,1671375,1671684,False,0.0429424075074
b1784,1868954,1870238,False,0.0424509870787
b0674,697512,699177,True,0.0412645989442
b4079,4297218,4299366,True,0.0392400679612
b1783,1866907,1868842,False,0.0383392150229
b2663,2794252,2795653,False,0.0376163945545
b0331,348681,349572,False,0.0351647220823
b3744,3927154,3928147,False,0.0350562356385
b0854,893783,894896,False,0.0341142769616
b2306,2423735,2424509,True,0.0338638386591
b0655,686838,687747,True,0.03375643086
b2660,2789981,2791250,False,0.0320048054142
b1797,1879588,1879948,True,-0.0396657367635
b2106,2185916,2186741,False,-0.0399325051891
b1781,1864781,1865636,True,-0.0594354822571
b0849,890495,890753,True,0.308603598149
b0606,639752,641318,False,0.218709178622
b3961,4158489,4159407,False,0.208119078044
b0605,638944,639508,False,0.181863512088
b2582,2718734,2719154,False,0.177550276526
b3942,4133834,4136015,False,0.170751569375
b3518,3667790,3669188,True,0.143363181979
b0812,848407,848911,True,0.125426718241
b0331,348681,349572,False,0.3568654492809999
b0334,351214,352666,False,0.332013315465
b0333,350011,351181,False,0.331856039354
b0335,352705,354592,False,0.251687888687
b2943,3088283,3089678,False,0.151592785036
b2416,2534065,2535793,False,-0.213584566364
b3654,3828944,3830336,False,0.257897336918
b1849,1930880,1932059,False,0.231331506855
b2499,2621196,2622234,False,0.213581022865
b0523,552590,553100,True,0.213149655044
b2557,2691655,2695543,True,0.196330902201
b0522,551526,552594,True,0.191309786151
b4006,4205942,4207532,True,0.186282101326
b2476,2596904,2597618,True,0.176420591159
b4005,4204641,4205931,True,0.176279918416
b2313,2430274,2430763,True,0.158808118434
b4064,4278478,4279828,False,0.155569749802
b2312,2428720,2430238,True,0.153919032926
b2500,2622233,2622872,False,0.124898772583
b1131,1190615,1191986,True,0.0899509537665
b1623,1702232,1703234,False,-0.125582312473
b1660,1739910,1741122,False,-0.158401318795
b4245,4471459,4472395,True,0.393694976424
b4244,4470985,4471447,True,0.389773215682
b2497,2618870,2620160,True,0.213936574985
b0336,354921,356181,False,0.182787862696
b0033,30816,34038,False,0.155914500987
b0032,29650,30799,False,0.147262420635
b4243,4470526,4470913,True,0.135931931988
b0337,356170,357454,False,0.134901034799
b2498,2620245,2620872,True,0.115985094414
b0945,1004767,1005778,False,0.0964692909308
b1298,1361119,1361884,False,0.267038867183
b1301,1364231,1365512,False,0.262847502695
b1300,1362742,1364230,False,0.250745426737
b1302,1365549,1366815,False,0.248672565911
b1297,1359489,1360908,True,0.237088767618
b1296,1357801,1359187,True,0.163090835314
b1299,1361910,1362468,False,0.141966778441
b4354,4589128,4591279,True,0.573561220269
b3547,3710798,3712007,True,0.168620228549
b2210,2305107,2306754,True,0.154917284912
b1380,1441853,1442843,True,0.119144566328
b0115,125694,127587,False,0.0940597157866
b4353,4588875,4589079,True,0.0930964225345
b0114,123016,125680,False,0.0901139901748
b2296,2413469,2414672,False,0.0878762155531
b3749,3933777,3935283,False,0.184097014329
b3750,3935287,3936253,False,0.1692624525609999
b3748,3933350,3933770,False,0.160515123403
b3666,3845775,3847167,True,0.141688709847
b3751,3936277,3937168,False,0.138473780845
b3752,3937293,3938223,False,0.112043374786
b2053,2127192,2128314,True,0.235840451494
b2052,2126224,2127190,True,0.207323104877
b2062,2136103,2137243,True,0.204149017001
b4026,4235905,4236148,False,0.199293685532
b2055,2128903,2129650,True,0.19929264258
b2060,2133489,2135652,True,0.187255672368
b2054,2128339,2128888,True,0.182069779698
b2061,2135654,2136098,True,0.175325937808
b2051,2125742,2126222,True,0.1748005703269999
b2059,2132557,2133397,True,0.1737613425959999
b1951,2023967,2024591,False,0.167001983106
b2056,2129660,2130878,True,0.158694216379
b2050,2124522,2125746,True,0.157314555361
b4027,4236261,4236900,False,0.15589619913
b2058,2132066,2132555,True,0.153807026163
b4028,4236896,4237634,False,0.151524191555
b2057,2130852,2132070,True,0.148315310228
b2048,2121608,2122979,True,0.138530455198
b2049,2123083,2124520,True,0.137732710544
b2047,2120159,2121554,True,0.137481462851
b2045,2117123,2118404,True,0.132804776471
b2046,2118679,2120158,True,0.1277934458239999
b2028,2098446,2099613,True,0.123776876611
b3563,3727406,3727748,True,0.0865497086348999
b2044,2115906,2117127,True,0.0811802720055
b4029,4237633,4239730,False,0.0703896995015
b0439,458887,461242,False,-0.101757640162
b3357,3486119,3486752,False,-0.107399992932
b3686,3866468,3866897,True,0.222669352574
b3687,3867008,3867422,True,0.2072247820900001
b0014,12162,14079,False,0.191624011862
b4142,4370687,4370981,False,0.190992546964
b0473,495119,496994,False,0.183517785175
b4143,4371024,4372671,False,0.177495491171
b2592,2731599,2734173,True,0.167037095252
b0015,14167,15298,False,0.141166154395
b1321,1384116,1385514,False,0.136780914297
b4140,4368663,4369140,False,0.12165705339
b3932,4121756,4122287,True,0.116192029441
b3931,4120415,4121747,True,0.112191848923
b1322,1385510,1386572,False,0.107605249044
b0897,944930,945557,True,0.147241062744
b3555,3719477,3719768,False,0.140868777654
b2672,2800145,2800475,False,0.131367017601
b4149,4377188,4377722,True,0.118562192709
b0871,909330,911049,True,0.116617665505
b0329,346483,346759,False,0.113486548657
b0790,823735,824497,True,0.11265073853
b1732,1813866,1816128,False,0.112033944851
b1897,1981586,1982387,True,0.109722305841
b2302,2420620,2421268,False,0.109213334012
b4376,4611395,4612001,False,0.108870665675
b1188,1235708,1237241,True,0.107438675019
b1195,1244727,1244982,False,0.106979840364
b0789,822497,823739,True,0.106070322291
b2266,2380721,2381027,True,0.104045537754
b2465,2579635,2581639,False,0.10286535161
b2464,2578665,2579616,False,0.10214005388
b1051,1113806,1114181,True,0.0989748669821
b1783,1866907,1868842,False,0.0973659828629
b1836,1921779,1922016,False,0.0973202660698
b2131,2218563,2219481,True,0.0957240530606
b3447,3585080,3586823,True,0.094700556138
b1784,1868954,1870238,False,0.093774011878
b1896,1980187,1981612,True,0.0927472003145
b4269,4495189,4496209,True,0.092482743132
b2080,2165188,2165521,False,0.0924152903085
b4411,4376552,4376699,False,0.0922945108034
b1668,1747130,1748735,False,0.0906003133061
b0707,739000,739510,False,0.0900872910899
b1004,1067111,1067708,True,0.0898041707057
b3003,3149661,3150546,False,0.0869024919597999
b3073,3219493,3220873,False,0.0858041402856
b0581,606264,607383,True,0.0841211454171999
b3336,3466248,3466725,True,0.0838334138061
b4568,4612127,4612289,False,0.0836423114613
b1478,1552827,1553838,True,0.0836191725361999
b2130,2217399,2218557,True,0.081436566342
b0453,475378,475951,False,0.0803527228418
b2086,2168711,2169611,False,0.0786142488118999
b1003,1066863,1067091,True,0.07759523649
b3239,3385856,3386129,True,0.0769257067865
b1197,1245678,1247376,True,0.0762538876626
b1927,2006155,2007643,False,0.0759054858376
b2097,2177511,2178564,True,0.0758672795997
b2662,2792734,2794015,False,0.0758012770215
b2661,2791272,2792721,False,0.0751044947585
b2665,2796336,2796786,True,0.0707693514522
b0788,821541,822498,True,0.0707195293743
b2543,2673345,2673768,False,0.0699811888121
b3100,3250076,3250376,False,0.0695520542348999
b1953,2024985,2025213,False,0.0690809040438
b2660,2789981,2791250,False,0.0689528514978
b0325,342883,343933,False,0.0677917885291
b4107,4325297,4325741,True,0.0669748708255
b1341,1406562,1407795,True,0.0638648747078
b2663,2794252,2795653,False,0.0637672745309999
b1536,1624104,1624497,True,0.0628212489304
b3588,3754972,3756511,True,0.062267925244
b3098,3249374,3249680,False,0.0622399490546
b0384,403280,403601,False,0.0619605197375
b3153,3298973,3299492,False,0.0613087680443
b3097,3248968,3249337,False,0.0610442890372
b1739,1821917,1822256,True,0.060169442179
b2129,2216480,2217407,True,0.0598935998231
b2659,2788984,2789962,False,0.059892884961
b0837,878741,879857,False,0.0595011237312
b0456,476671,477025,False,0.0594420543557
b2128,2215744,2216476,True,0.0591958482386
b3361,3490860,3491463,True,0.059157461144
b1847,1930033,1930390,True,0.0590976166626
b2112,2192514,2192796,True,0.0581106858806
b3099,3249682,3250087,False,0.0577776004195
b3524,3676289,3678350,True,0.0561296719286
b1955,2025510,2026326,False,0.055872935274
b1795,1879006,1879255,True,0.0553203815146
b0753,784936,785317,True,0.0527378843887
b1428,1499468,1500449,True,0.0526300839668
b2127,2214865,2215597,False,0.0525533289247
b1285,1344756,1346742,True,0.0522057646337
b1519,1607345,1608104,False,0.0519790984103
b1258,1315269,1315770,True,0.0518753135055
b1482,1556624,1557056,False,0.0516267617285
b1449,1519026,1520064,False,0.0511370141974
b3548,3712235,3712934,True,0.0500438907144
b1454,1526246,1526864,False,0.0487032933942
b2347,2465300,2466233,False,0.0484864285558
b2137,2226508,2227270,True,0.0483674596889
b1678,1757720,1758725,True,0.0477203745805
b2602,2741359,2741725,False,0.0469512261653
b0304,318675,320001,True,0.0464322472433
b0808,843254,845480,True,0.0461371465963
b4045,4259236,4259446,False,0.0450213342062
b1462,1533281,1533851,True,0.0448430391638
b1450,1520261,1520927,False,0.0447373150441
b1646,1724133,1724655,True,0.0440817588771
b0906,956761,957454,False,0.0433829194793
b4336,4565965,4567246,True,0.0425399099801
b3102,3251023,3252010,False,0.0422781103597
b1724,1807399,1807690,False,0.0421543366564
b1725,1807795,1808656,False,0.0420968594231
b2809,2942917,2943145,True,0.0418526387375
b4039,4252505,4253003,False,0.0415515358406
b0643,675017,675500,False,0.0415455286439
b1440,1511653,1512799,False,0.0408780467757
b2535,2665434,2666715,False,0.0408633115143
b3024,3169283,3169676,True,0.0402991288674
b1161,1212702,1213107,True,-0.0433985619455
b4062,4277059,4277383,True,0.395112383705
b1463,1534023,1534869,False,0.20400193103
b1611,1685184,1686588,True,0.191797749325
b3924,4113725,4114472,True,0.170847739625
b1378,1437259,1440784,True,0.151872693906
b3908,4100809,4101430,False,0.1355318592919999
b4380,4615514,4617065,True,0.130359325395
b2159,2250839,2251697,False,0.117495735
b2160,2251699,2252788,False,0.11333975531
b0871,909330,911049,True,0.107850901612
b2962,3104092,3104368,False,0.10584429299
b0447,468382,468841,False,0.103780161333
b0850,890912,891200,False,0.102598080052
b2237,2348821,2349472,True,0.101930134094
b3898,4089854,4090925,True,0.0992023334936
b4536,1908924,1909164,False,0.0978694763128
b0449,470635,472417,False,0.0949729094947
b2963,3104432,3105512,False,0.0906377481899
b0851,891183,891906,False,0.0871355079554
b0684,710934,711465,True,0.0866291164782
b1053,1114263,1115490,True,0.0837892619547
b3519,3669591,3671241,False,0.082898409967
b0448,468870,470643,False,0.0821202711081
b0389,406978,407170,False,0.080002216371
b3238,3385537,3385801,False,0.0788332550527
b3662,3840548,3841739,True,0.0777087801533999
b2468,2583545,2585525,True,0.0770163833963999
b1852,1934838,1936314,True,0.0717218098366
b1165,1216067,1216340,False,0.0690699143818
b4379,4614679,4615543,True,0.0688389609728
b2895,3039854,3040376,False,0.0684822261456999
b0852,891966,892869,False,0.067587158494
b1277,1338569,1339160,True,0.0643980285245
b2048,2121608,2122979,True,0.0626868577167
b2898,3041312,3042293,False,0.0624698719664
b0628,659250,660216,True,0.0603762881946
b0096,106556,107474,False,0.0592022671124
b1166,1216368,1216635,False,0.0580681144534
b1580,1652895,1653915,True,-0.0937455201651
b3961,4158489,4159407,False,-0.100687132595
b1581,1653926,1655141,True,-0.100981669139
b2704,2827361,2827733,False,0.307330502795
b2702,2825831,2826395,False,0.29702596055
b2703,2826391,2827351,False,0.257953788229
b2705,2827736,2828516,False,0.243122452541
b2706,2828620,2828980,False,0.195537234008
b3993,4193568,4194204,True,0.306139715187
b3992,4192820,4193576,True,0.303973122488
b3994,4194203,4196099,True,0.301070947563
b3990,4190734,4191868,True,0.299779248726
b3991,4191864,4192635,True,0.285419091683
b4407,4192636,4192837,True,0.254969617727
b2104,2184512,2185301,True,0.216143408804
b2103,2183715,2184516,True,0.198186140063
b0068,74496,75480,True,0.133901362704
b0067,72910,74521,True,0.1271477524499999
b0066,72228,72927,True,0.0903277200914
b1264,1321383,1322946,True,0.287468196068
b1263,1319788,1321384,True,0.285675304076
b3161,3304572,3305817,True,0.21771572184
b1262,1318426,1319788,True,0.210272471372
b1260,1316415,1317222,True,0.207305527353
b1261,1317221,1318415,True,0.20428688862
b2601,2740079,2741150,True,0.153980285137
b2600,2738947,2740069,True,0.142925298999
b1704,1788434,1789481,False,0.116169912629
b3709,3890235,3891483,False,-0.154880484035
b3708,3888729,3890145,False,-0.195421485372
b3565,3729442,3730765,True,0.328028194275
b3566,3731130,3732123,False,0.315936035759
b4031,4240778,4242254,True,0.281806664124
b3567,3732200,3733742,False,0.261939894382
b3568,3733719,3734901,False,0.250200075386
b3564,3727916,3729371,True,0.248916765379
b0270,285394,286777,False,0.203125194803
b3657,3834546,3835929,True,0.19144450192
b0271,286788,288399,False,0.182795134012
b3656,3832218,3834537,True,0.160987379321
b3569,3734978,3736157,False,0.145470467802
b3563,3727406,3727748,True,0.123980964347
b3562,3726923,3727361,True,0.11678719963
b2736,2861429,2862338,False,0.339259417325
b2738,2863592,2864231,False,0.323770132658
b2737,2862334,2863501,False,0.301501262024
b2739,2864235,2865012,False,0.266761664437
b2740,2865100,2866465,False,0.210449377232
b1800,1881911,1882997,False,0.196780234496
b0509,536585,537464,False,0.102335759013
b0062,66834,68337,True,-0.083323372833
b2843,2983287,2984124,True,-0.0846488067944
b3575,3742732,3743731,False,0.321455147439
b3576,3743742,3744210,False,0.315217920754
b3577,3744327,3744801,False,0.292586309008
b3579,3746093,3747080,False,0.266952638236
b3578,3744803,3746081,False,0.263042534125
b3581,3748576,3749239,False,0.231282082371
b3582,3749231,3750092,False,0.224734494477
b3580,3747083,3748580,False,0.190001082289
b3583,3750085,3750781,False,0.158732675682
b3574,3741683,3742532,True,-0.24844520279
b2141,2230623,2231022,False,0.264098560675
b0306,321607,322327,False,0.237574774689
b2142,2231018,2231714,False,0.202428761614
b0308,323757,324453,False,0.157886444645
b0307,322337,323765,False,0.157379287624
b4116,4337167,4337929,True,0.137769460732
b4354,4589128,4591279,True,0.136131617956
b0447,468382,468841,False,0.0980460447648
b2143,2231843,2232728,False,0.0937229318198
b1826,1908622,1908766,True,-0.124414015134
b3755,3940634,3941327,True,-0.348577238032
b1525,1613314,1614703,True,0.324029139365
b1524,1612324,1613251,True,0.147053335873
b1523,1611965,1612325,True,0.129723740896
b0593,624884,626060,False,-0.121427020587
b1831,1914835,1915534,True,-0.297973731088
b1973,2041374,2042025,False,0.5455235348040001
b0296,312513,312777,True,0.474160875695
b1857,1941650,1942583,True,0.321215215013
b4506,312373,312514,True,0.228473588422
b1178,1227070,1227472,True,0.213437393015
b1856,1940312,1941635,True,0.1630961578309999
b1974,2042367,2042898,False,0.158123637944
b1858,1942661,1943417,False,0.149385273323
b1859,1943413,1944199,False,0.131432295912
b0484,508874,511379,True,0.108921952071
b0123,137082,138633,False,0.0789797712449
b3469,3606450,3608649,False,-0.108502256043
b4030,4240324,4240735,False,0.185561918827
b1963,2033118,2033484,True,0.1800478676309999
b4060,4274759,4275041,True,0.177274842628
b1112,1169072,1169330,False,0.141419287544
b0124,138834,141225,True,0.136851932881
b0802,837664,837925,True,0.136354620654
b4111,4330501,4332004,False,0.132591352819
b1520,1608107,1609022,True,0.127775102138
b1528,1617027,1618218,False,0.125786293944
b3364,3492567,3493749,False,0.113472475509
b0411,431128,432013,True,0.106045136724
b2924,3068946,3069807,True,0.103803252874
b3403,3532817,3534440,False,-0.114499203737
b3357,3486119,3486752,False,-0.240720218028
b1039,1102151,1102541,True,0.262627327254
b1038,1101710,1102127,True,0.246986810611
b1040,1102545,1103196,True,0.209478454154
b1037,1100850,1101684,True,0.187485895179
b1856,1940312,1941635,True,0.185631946033
b1823,1907225,1907435,True,0.1638974670969999
b1847,1930033,1930390,True,0.156855926224
b1850,1932114,1932756,True,0.156351228666
b1829,1911694,1912576,True,0.155465600165
b1854,1937648,1939091,False,0.154024063735
b1832,1915630,1916128,True,0.150982792057
b1827,1909307,1910099,True,0.145639277481
b1852,1934838,1936314,True,0.141843160638
b1830,1912767,1914816,True,0.1385799601039999
b1853,1936651,1937521,False,0.137235331244
b1855,1939221,1940193,True,0.1330274776359999
b1831,1914835,1915534,True,0.130603193588
b1848,1930456,1930747,True,0.1291582854869999
b1841,1924594,1924969,True,0.128846959473
b1849,1930880,1932059,False,0.1278215292599999
b1844,1926119,1926782,False,0.127795339605
b1822,1906250,1907060,True,0.120363169415
b1839,1923364,1923706,True,0.118464270414
b1840,1923718,1924591,True,0.117125496912
b1836,1921779,1922016,False,0.115871532226
b1824,1907447,1907591,True,0.112434482222
b1834,1917509,1920143,False,0.111988871531
b1846,1929047,1929707,True,0.111669593136
b1845,1926778,1928839,True,0.110161683665
b1843,1925439,1926096,False,0.105417105459
b1833,1916257,1917541,False,0.103349836359
b1835,1920222,1921662,False,0.100558900847
b1825,1908260,1908548,True,0.0996336960586
b1851,1932792,1934604,True,0.0983954190835
b4536,1908924,1909164,False,0.0971503677601
b1842,1925107,1925338,False,0.0970632960908
b1837,1922120,1922312,False,0.0911331777837
b1838,1922312,1922969,True,0.0828372719686
b1826,1908622,1908766,True,0.0770425549747
b0508,535709,536486,False,-0.0646337442908999
b3526,3679418,3680348,False,-0.0769108862907
b1597,1671375,1671684,False,-0.101462419018
b2842,2982496,2983258,True,-0.147567227289
b2843,2983287,2984124,True,-0.165102114537
b3909,4101689,4102673,False,-0.177635314819
b3751,3936277,3937168,False,0.154999874339
b1446,1517647,1517881,False,0.12532869538
b1414,1487234,1488035,False,0.106892791151
b4493_2,1489712,1489964,True,0.105981801498
b4493_1,1489963,1490713,True,0.100189941666
b1378,1437259,1440784,True,0.100163705398
b1488,1562494,1563076,True,0.0983864794762
b1426,1498650,1498875,False,0.0982580058908
b1376,1435184,1435619,True,0.0971295580628
b1434,1506171,1506708,False,0.0956600724378
b1482,1556624,1557056,False,0.095425671992
b1406,1474220,1475081,False,0.0951921255088
b1423,1495287,1496631,False,0.0927717712141
b1427,1498937,1499477,False,0.0926344436347
b1490,1565757,1567140,True,0.092596209101
b1442,1513830,1514772,False,0.0910940519338
b1480,1555825,1555963,True,0.090510515435
b1461,1533051,1533285,False,0.0895178900416
b1478,1552827,1553838,True,0.0891102483029999
b1443,1514761,1515556,False,0.0889473153288999
b1349,1413983,1414793,True,0.0873971217469
b1452,1523306,1524368,False,0.0872849156755
b1415,1488231,1489671,False,0.0860040441914
b1440,1511653,1512799,False,0.0857347224519
b1483,1557111,1558038,True,0.0843320236201
b1487,1560930,1562481,True,0.0841995730542
b1485,1559013,1559910,True,0.0840642670508
b1473,1546287,1547169,True,0.0839199241677
b1441,1512816,1513830,False,0.0835476087266
b4492_3,1470516,1474013,False,0.0827625618396
b1385,1447518,1449018,False,0.0824056852129
b1431,1502456,1503125,False,0.081564313928
b1430,1501561,1502155,False,0.08130530913
b1433,1504904,1506080,True,0.0809337688469
b1428,1499468,1500449,True,0.0808182274961
b1479,1553971,1555669,True,0.0805207618429
b4428,1491921,1492071,True,0.0800458838737
b1343,1409510,1410884,False,0.0797139705429
b1444,1515577,1517002,False,0.079068868418
b1344,1411012,1411948,True,0.0789081791798999
b1361,1422700,1423200,False,0.0786537939133
b1491,1567503,1568823,True,0.0780990055156
b1356,1419764,1420241,True,0.0776885346446
b1413,1483060,1486963,False,0.077454898467
b1432,1503716,1504865,False,0.0770985005173999
b1399,1463538,1464489,False,0.0769758335819
b1448,1518327,1518846,True,0.0768724823583
b1476,1551337,1551991,False,0.0765993857518
b1449,1519026,1520064,False,0.0765613997912
b1410,1479137,1480895,False,0.0761388387285
b1459_1,1530585,1531323,False,0.0759352401521999
b1464,1534964,1535858,True,0.0757309150362
b1379,1441320,1441743,True,0.0757098825436
b4529,1441057,1441324,False,0.0754770055508
b1418,1490901,1491432,False,0.0754243816173
b1462,1533281,1533851,True,0.0753393565609
b1341,1406562,1407795,True,0.0747569878563
b1454,1526246,1526864,False,0.0738858826492
b1424,1496855,1498511,False,0.0738826249213
b1397,1460892,1462098,False,0.0737131763488
b1494,1572406,1575202,True,0.0732395371236
b1384,1446377,1447283,True,0.0731953668208
b1412,1482254,1482860,True,0.0730695611468
b1435,1506780,1508742,False,0.073012811157
b1451,1520962,1523065,True,0.0718155618648
b1398,1462124,1463438,False,0.0715291065123
b1468,1538849,1542590,True,0.0713315104711
b1466,1536613,1537309,True,0.0702737663646
b1345,1411999,1413235,True,0.0690609739112
b1496,1577656,1579342,True,0.0689380704924
b1400,1464470,1465061,False,0.0689252666441
b1342,1408049,1409033,False,0.0688845137953
b1438,1509507,1509924,False,0.0686439753615
b1429,1500572,1501565,False,0.0678865668223
b1357,1420364,1420661,False,0.0659085242709
b4492_1,1465391,1467904,False,0.0654691653983
b1498,1580841,1582524,True,0.0650679586837
b1439,1510002,1511409,False,0.0643815063472
b1484,1558030,1559017,True,0.0636057709841999
b1381,1443050,1445690,False,0.0633043491643
b1495,1575246,1577619,True,0.0630317414755999
b1467,1537308,1538853,True,0.0623141286081
b1486,1559906,1560929,True,0.0622066014616
b1463,1534023,1534869,False,0.0619689564587
b1340,1405978,1406542,False,0.061727548249
b1386,1449075,1451349,True,0.0616468875482
b1450,1520261,1520927,False,0.0609418874576
b1395,1459053,1460481,False,0.0577886457159
b1339,1404740,1405649,False,0.0565507112396
b1411,1480908,1482201,False,0.0558472554429
b1407,1475143,1477450,False,0.0551731483457
b1363,1423781,1425239,False,0.054615682593
b1377,1435759,1436893,True,0.054234164269
b1489,1563333,1565733,True,0.0528852495657
b1937,2012699,2013014,True,0.0515795184341
b1359,1421118,1421976,False,0.0507850062552
b1465,1535936,1536617,True,0.0498655041043
b1447,1517881,1518331,True,0.0489502349079
b1474,1547400,1550448,False,0.0485326109575
b1419,1491676,1491850,False,0.0475344039304
b1477,1552397,1552682,True,0.0473725467688
b4555,3840214,3840508,False,0.0473314838217
b1949,2022615,2022885,False,-0.0501100458603
b4381,4617322,4618102,False,-0.0588950242092
b4382,4618228,4619551,False,-0.0612521445017
b3011,3155354,3156518,False,-0.0644512538121
b3752,3937293,3938223,False,-0.0688011848539
b0356,378461,379571,True,-0.0890421175074999
b0357,379605,379881,True,-0.0909890348168
b0355,377534,378368,True,-0.0973514640543999
b0759,791038,792055,True,0.13307755301
b0758,789982,791029,True,0.127134889496
b1112,1169072,1169330,False,0.102494714754
b0251,266109,266553,True,0.0970552147057
b2943,3088283,3089678,False,0.0957695126516
b0757,788830,789979,True,0.0948411191154
b3643_1,3815880,3816549,True,0.0923158528491
b3612,3785259,3786804,False,0.092211850581
b3661,3839174,3839993,True,0.0892822166073999
b3574,3741683,3742532,True,0.0881152846877
b4554,3776170,3776380,True,0.0825380688401
b4519,1211412,1211577,False,0.081651234381
b3651,3824514,3825204,False,0.0809638436241
b3609,3783660,3784128,True,0.076013543875
b3634,3809824,3810304,False,0.0751220245755
b3590,3758016,3759861,True,0.0750469975965
b3638,3811890,3812559,True,0.0749135264923
b3652,3825209,3827291,False,0.0747001354941
b3610,3784190,3784442,True,0.0742035775206
b3608,3782641,3783661,True,0.0735544842966
b3630,3805152,3805950,True,0.0733435827268999
b3611,3784583,3785015,True,0.0732804625022
b3659,3836952,3838137,False,0.0731933996113
b3645,3817759,3818584,False,0.0728869848263
b3620,3794928,3795975,False,0.0720252530404
b3641,3814493,3815090,False,0.0720017008863
b3570,3736352,3737177,True,0.0719787785621999
b3619,3793986,3794919,False,0.0719322844423
b3591,3759857,3761249,True,0.0715815249379
b3602,3776664,3777027,False,0.0706118683958999
b3644,3816675,3817539,False,0.0703899411042
b3650,3822399,3824508,False,0.0701617203218
b3640,3813931,3814387,False,0.0695250169813
b3637,3811437,3811674,True,0.0692648655245
b3653,3827459,3828665,True,0.0691738447416999
b3606,3781214,3781688,False,0.0691657621255
b3627,3802038,3803058,True,0.0688821308512
b3632,3807063,3808098,True,0.0683531839074
b3614,3788100,3789060,False,0.0683461493448999
b3617,3791354,3792551,True,0.0674559300083
b3639,3812730,3813951,False,0.0672165430982
b3561,3725886,3726882,False,0.0669247092464
b3660,3838247,3839171,False,0.0669015130783
b3624,3799344,3800196,True,0.0668746862944
b3663,3841949,3842402,True,0.0668552765595
b3636,3811249,3811417,True,0.0666901898909999
b3607,3781740,3782562,True,0.0660948386378
b3654,3828944,3830336,False,0.0660642639186
b3631,3805942,3807067,True,0.0659735986817
b3649,3822105,3822381,False,0.0659673578508
b3552,3716546,3717206,False,0.0657780141763
b4555,3840214,3840508,False,0.0653441474696999
b3626,3800982,3801999,True,0.0653187584911999
b3628,3803057,3804137,True,0.0653009141407
b3655,3830456,3832166,False,0.0651022795693
b3623,3798238,3799312,True,0.0650755445064
b3616,3790319,3791345,True,0.064700456785
b3560,3724406,3725318,True,0.0643782694659
b3598,3771381,3771744,True,0.0643261568568
b3559,3722327,3724397,True,0.0641957001815
b3618,3792825,3793683,True,0.064043202562
b3625,3800266,3800965,True,0.0639507138422
b3613,3786837,3788097,False,0.0639343000375
b3662,3840548,3841739,True,0.0632436402358
b3558,3721197,3722049,False,0.0631772908562
b3585,3751991,3752966,False,0.0629819499876
b3551,3714060,3716394,True,0.0625771966307
b3621,3795978,3796938,False,0.0625491672193
b3043,3185413,3185965,False,0.0623224460317
b3633,3808539,3809817,False,0.0622643798824
b3595,3767220,3768165,False,0.06222540607
b3656,3832218,3834537,True,0.0621620205102
b0756,787796,788837,True,0.0619530453194
b3553,3717309,3718284,False,0.0616472681384
b3647,3819487,3821170,True,0.061643991355
b3573,3741108,3741582,True,0.0609422283781
b4116,4337167,4337929,True,-0.0628403701428
b1566,1646404,1646737,False,-0.0641119756806
b3369,3499447,3499615,False,-0.066499151415
b0268,282277,283186,False,-0.0680399408589
b2207,2302749,2303013,True,-0.0720738775846999
b1259,1315855,1316035,True,-0.078862146422
b2837,2976598,2977630,False,-0.0844480202303
b2626,2760546,2761173,False,-0.0967821935232
b1145,1202258,1202933,True,0.321524820463
b1143,1201496,1201838,False,0.260657547039
b1139,1198694,1199588,False,0.216663704372
b1159,1210345,1211179,False,0.19614526894
b1140,1199678,1200806,True,0.167617458913
b3357,3486119,3486752,False,0.160766167227
b1137,1196866,1197532,True,0.159299617925
b1138,1197532,1198237,True,0.155439260221
b1596,1669698,1670952,False,0.124537589396
b4693,1204403,1205537,False,0.117296714479
b4519,1211412,1211577,False,-0.213775004304
b0594,626069,627680,False,0.236280933314
b1018,1082242,1083370,False,0.228806655915
b0595,627693,628551,False,0.211673737984
b4490_2,1081459,1082185,False,0.205977406441
b1019,1083375,1084647,False,0.20444836801
b0596,628550,629297,False,0.192813010427
b0597,629299,629713,False,0.168852347868
b2265,2379347,2380643,True,-0.1643151679749999
b0593,624884,626060,False,0.493828292784
b2265,2379347,2380643,True,0.312185751201
b2264,2377588,2379259,True,-0.123182433375
b4314,4543114,4543663,False,0.333715493299
b4315,4543727,4544267,False,0.321351149247
b4316,4544303,4545029,False,0.308777928521
b4317,4545095,4547732,False,0.279856523316
b4318,4547741,4548272,False,0.24817397426
b4319,4548284,4548788,False,0.241595411816
b4320,4548807,4549710,False,0.185959508863
b0002,336,2799,False,-0.146382192005
b2000,2071538,2074658,False,0.55475292583
b2001,2074778,2076311,False,0.362563495832
b2002,2076307,2076754,False,0.221033909048
b0683,710199,710646,True,0.0932723457084
b0002,336,2799,False,0.0890525138995
b4388,4624894,4625863,False,-0.0909004862257
b2265,2379347,2380643,True,-0.0916521998326999
b0593,624884,626060,False,-0.124760073665
b1147,1203267,1203825,False,0.185841163475
b1144,1201775,1202084,True,0.163030794994
b4519,1211412,1211577,False,0.1389297144779999
b2616,2751794,2753456,False,0.138476357869
b0958,1020409,1020919,True,0.129664359946
b4693,1204403,1205537,False,0.120074161838
b4567,4605803,4606040,False,0.0986947467099
b1141,1200786,1201032,True,0.0918074886474
b1848,1930456,1930747,True,0.0899745399046
b2681_1,2808315,2808576,False,0.0848749208121
b1596,1669698,1670952,False,0.0792985985363
b3161,3304572,3305817,True,-0.0835647021403999
b0683,710199,710646,True,-0.4590049601340001
b3515,3663889,3664618,True,0.463745149213
b3516,3664985,3665810,True,-0.414664242353
b1997,2069814,2070180,True,0.154207837527
b2860,2996371,2997277,True,0.1449807753649999
b1996,2068951,2069857,True,0.14365457738
b1403,1468783,1469149,True,0.1403375687319999
b2861,2997234,2997600,True,0.136058192443
b1402,1467920,1468826,True,0.136011282716
b2666,2796869,2797028,True,-0.101193574456
b4634,581353,581662,False,-0.103454256591
b2562,2699662,2699923,False,-0.111121764637
b1656,1735377,1735959,False,0.153763006171
b4640_1,2067457,2067892,True,0.133781485141
b3540,3701863,3702868,True,0.117895276254
b3543,3704770,3705790,True,0.115936935887
b3542,3703858,3704761,True,0.112304855142
b3541,3702864,3703848,True,0.110515696274
b2524,2656535,2656736,True,0.10596181857
b2530,2660316,2661531,True,0.105048767345
b2525,2656747,2657083,True,0.0945159639942
b2529,2659902,2660289,True,0.0900612138346
b2523,2655074,2656358,True,0.0855090516026
b2526,2657084,2658935,True,0.0848710930497
b2522,2654156,2654933,True,0.0827755734066
b2528,2659562,2659886,True,0.0825978027299999
b2527,2658951,2659467,True,0.0817050893691
b4506,312373,312514,True,0.0794469418105
b1612,1686730,1688377,True,0.0711737306328999
b2282,2396464,2397442,True,0.0706482454688
b2392,2511467,2512706,True,-0.106223524589
b4567,4605803,4606040,False,-0.209488160091
b3629,3804180,3805116,True,0.204958007035
b2032,2103390,2104509,True,0.175377653524
b3623,3798238,3799312,True,0.162737669434
b2352,2469130,2470462,False,0.149918405732
b0564,583680,584430,False,0.149639062447
b2035,2106059,2107226,True,0.144749220379
b1550,1637608,1637782,True,0.1295589768459999
b3624,3799344,3800196,True,0.126511253892
b3622,3796947,3798207,False,0.1247819838
b3626,3800982,3801999,True,0.123968951914
b3512,3658365,3658893,False,0.118629877138
b2642,2773317,2775021,False,0.118277519325
b3625,3800266,3800965,True,0.114314470292
b1457,1529921,1530404,False,0.113121727936
b2037,2108336,2109584,True,0.11208935563
b1137,1196866,1197532,True,0.10864283234
b2034,2105064,2106057,True,0.102055744477
b3627,3802038,3803058,True,0.0947432115359
b4253,4475436,4477251,False,0.0939889564199
b3618,3792825,3793683,True,0.0890158157124999
b2036,2107225,2108329,True,0.0890043538908
b4571_1,2102943,2103389,True,0.0868322778977
b3594,3766336,3767179,False,0.0827205080464
b1549,1637046,1637457,False,0.0790134536061999
b4279,4504057,4505275,False,0.0769174947738
b4659_2,59051,59279,False,0.0765105250985
b4571_2,2101395,2101744,True,0.0762410488985
b0546,571453,572251,False,0.0677228664891999
b4345,4576911,4577958,True,0.0675380556271
b4346,4577957,4579337,True,0.066256507705
b1363,1423781,1425239,False,0.0660096385983
b2846,2987535,2988168,False,0.061948748186
b1139,1198694,1199588,False,0.0607765519045
b4038_3,4250960,4252283,False,0.0581310091542
b2728,2851863,2852136,False,-0.0748999576756
b3423_1,3560455,3560605,True,-0.113917522325
b2369,2483754,2484369,False,0.189314855898
b2971,3113066,3113477,True,0.174668970619
b2970,3112092,3112941,True,0.155564078751
b4466,3114549,3119112,True,0.142455702992
b1675,1754931,1755141,True,0.115481254144
b2370,2484373,2487967,False,0.114497665407
b2972,3113542,3114352,True,0.110088108641
b2969,3111127,3112090,True,0.103600471868
b4331,4560929,4561484,False,-0.099709063916
b1495,1575246,1577619,True,-0.103995359945
b1761,1842370,1843714,False,-0.119727628302
b3151,3297097,3298138,True,-0.122017842356
b2681_1,2808315,2808576,False,-0.1561500860669999
b2012,2084225,2084453,True,-0.164948955075
b2013,2084466,2085525,True,-0.173345054885
b4209,4431320,4431983,True,0.232066885165
b1797,1879588,1879948,True,0.223568218376
b2552,2685834,2687025,False,0.201828798615
b1796,1879402,1879585,True,0.184803803437
b0873,912161,913814,True,0.155088855381
b2732,2856452,2856806,True,0.131429108913
b1475,1550460,1551345,False,0.118769835648
b1474,1547400,1550448,False,0.114963798346
b1476,1551337,1551991,False,0.103558623301
b1224,1279863,1283607,False,0.100644634615
b3471,3609216,3609882,False,0.0890781216028
b1226,1285138,1285849,False,0.0873187247611999
b1225,1283603,1285142,False,0.0868362733716
b0872,911181,912150,True,0.0853586709751999
b2678,2806009,2807074,False,0.19568738373
b2679,2807131,2808124,False,0.186587352844
b2677,2804814,2806017,False,0.184843869081
b0698,727058,728732,True,0.132579106001
b1658,1737843,1738869,False,0.299396757607
b3642,3815126,3815768,True,0.138866828289
b1623,1702232,1703234,False,-0.164997381388
b4662,77387,77519,False,0.492069425157
b4410,4376316,4376442,False,0.105412769801
b4676,1878772,1878871,False,0.100612768426
b4025,4233757,4235407,False,-0.166912127829
b0002,336,2799,False,0.479208912424
b2289,2405702,2406641,True,0.171990379377
b0557,578599,578893,True,0.145685742328
b3315,3449900,3450233,True,0.110544003794
b3316,3450247,3450526,True,0.104094117394
b3317,3450542,3451364,True,0.101821342673
b3314,3449181,3449883,True,0.0967739309324
b3319,3451680,3452286,True,0.0950529910637
b3311,3448313,3448568,True,0.0937957921331
b3318,3451381,3451684,True,0.0932680279514
b3313,3448758,3449169,True,0.0926556015785
b0429,447716,448046,True,0.0921244943938
b3320,3452296,3452926,True,0.0871256451764
b3321,3452958,3453270,True,0.0852732030571
b0430,448045,448660,True,0.0796706676899999
b3312,3448567,3448759,True,0.0791707960539
b2762,2887577,2888312,True,0.0783928111786
b4202,4425838,4426066,False,0.077933522915
b3304,3445243,3445597,True,0.076217043258
b3303,3444725,3445229,True,0.0760477907327
b3306,3446152,3446545,True,0.0724864877249999
b3231,3378222,3378651,True,0.0711898974676
b3984,4178878,4179583,False,0.0711423655283999
b3300,3442765,3444097,True,0.0709672199781
b4203,4426107,4426557,False,0.0707852675532
b4201,4425519,4425834,False,0.0689601162066
b4002,4201262,4201688,True,-0.0904064987459
b1110,1167598,1168138,False,0.269719883735
b0379,399024,399333,True,0.203259758578
b2390,2511000,2511327,False,0.201023471821
b1172,1222643,1222988,True,0.194146028295
b2466,2581733,2582777,True,0.170563902829
b1379,1441320,1441743,True,0.159057542135
b1283,1343109,1343328,True,0.15510161291
b1171,1222304,1222634,True,0.146654455022
b0220,240342,240816,False,0.131893585511
b1639,1718065,1718395,True,0.128539795946
b1481,1556064,1556280,True,0.126954562938
b2671,2799649,2799994,True,0.117635867979
b1951,2023967,2024591,False,0.106807713779
b4593,1222989,1223163,True,0.101583505506
b0439,458887,461242,False,0.0905176656116
b3748,3933350,3933770,False,0.204155473502
b2742,2867613,2868753,True,0.133164761402
b1957,2028187,2028370,True,0.128393443012
b4378,4613480,4614260,False,0.115580479577
b1992,2064478,2065222,True,0.0984750986338
b4178,4406189,4406615,False,0.0958984140813
b2958,3100903,3101623,True,0.0949232538467
b1991,2063387,2064467,True,0.0947839446909
b2263,2376833,2377592,True,0.093404912353
b2777,2904746,2905418,True,0.0924081556747
b3460,3598554,3599658,True,0.0885094715876
b3744,3927154,3928147,False,0.0839619271304
b2388,2508460,2509426,True,0.0807567755155
b0080,88027,89032,False,0.0795599860739
b2749,2873013,2873337,True,0.0775006068653999
b3584,3751127,3751868,True,0.0756120795636
b4377,4612410,4613484,False,0.0754003953483999
b1604,1678426,1679371,False,0.0746485006386
b2279,2395042,2395345,True,0.0719383802898999
b0928,984518,985709,True,0.070511293124
b1380,1441853,1442843,True,0.0704230457381
b3564,3727916,3729371,True,0.0687485504905
b0146,160781,161486,True,0.0684256855005
b1541,1629214,1629418,False,0.067398593014
b2714,2838253,2839264,True,0.0672980573385
b2586,2724127,2724451,False,0.0671370002190999
b0772,805997,807281,True,0.0664242231809
b2113,2193058,2194168,True,0.0653692361205
b2280,2395341,2395896,True,0.0627911397337
b3535,3695996,3696185,True,0.0616143164103
b1256,1314019,1314658,False,0.0605795506255
b0856,896133,897087,False,0.0602550364149
b4064,4278478,4279828,False,0.0594544997356
b2950,3094099,3095080,True,0.0586649006311
b2035,2106059,2107226,True,0.0584608877629
b0499,527951,528659,False,0.057654717608
b3463,3602078,3602747,True,0.0574403719686
b0156,176609,176954,False,0.0572044870173
b1780,1863849,1864734,False,0.0567163409425
b3703,3884335,3884476,False,-0.0616402167237
b1824,1907447,1907591,True,-0.0648246030076
b1599,1672819,1673149,True,-0.0743815149453999
b3556,3720048,3720261,False,0.223006978792
b2378,2495644,2496565,False,0.17927211218
b3065,3210780,3210996,False,0.149361425753
b0762,794772,794922,False,0.14122918617
b0528,556660,556873,True,0.140602363533
b3100,3250076,3250376,False,0.10884466584
b4428,1491921,1492071,True,0.0924562975557
b2145,2233599,2233839,False,0.086289901555
b3042,3184839,3185130,False,0.0848252957951
b2343,2460649,2460934,True,0.0843206574233999
b2092_2,2172920,2173362,True,0.0782580123873999
b1887,1972835,1973339,True,0.0744645940023999
b3704,3884492,3884852,False,0.0945145544861999
b3643_1,3815880,3816549,True,0.0850534272838
b2533,2663441,2664245,False,0.0828894070367
b4557,3884815,3885073,False,0.0796076896498999
b2669,2798090,2798495,True,0.0984477459047
b3923,4113292,4113721,False,0.0977880255032
b1163,1214263,1215475,True,0.097555290242
b3661,3839174,3839993,True,0.095598097266
b3922,4112966,4113266,False,0.095342895261
b0900,948659,949568,True,0.0864387469127
b2603,2741874,2742393,False,0.0852212225998
b3520,3671291,3671894,True,0.0809225822442
b0329,346483,346759,False,0.0803539698554
b0946,1005951,1006494,False,0.0801417030161
b2471,2591246,2591603,False,0.0789640256289
b0287,302990,303605,False,0.0788040532015
b0559,579879,580086,False,0.0778470208054
b2756,2879787,2880387,True,0.0765210337115
b0382,401385,401646,False,0.0744667463753
b1216,1270748,1271849,True,0.0736983449962
b3717,3898021,3898609,False,0.0729738012929
b1967,2035834,2036686,False,0.0696464176408
b3506,3653960,3654527,False,0.0694667516709
b0315,332370,333459,False,0.0682454916449
b0565,584679,585633,True,0.0679296017337
b4342,4572413,4573916,False,0.0671305638386
b1619,1697272,1698040,True,0.0664923303931999
b4640_1,2067457,2067892,True,0.0662261477082
b2677,2804814,2806017,False,0.0649344712694
b3267,3418389,3418611,False,0.0634591062662
b0546,571453,572251,False,0.0633775340259
b0293,310083,310671,True,0.0626939716180999
b4313,4542036,4542633,False,0.0621007288826
b1431,1502456,1503125,False,0.0619795233333
b1902,1986924,1987428,False,0.0599482974611999
b0557,578599,578893,True,0.0597346270044
b0812,848407,848911,True,0.0596827388605999
b1461,1533051,1533285,False,0.0593750414626999
b3680,3860282,3861176,False,0.0593436260734
b1915,1995817,1996042,False,0.0590862094846999
b1171,1222304,1222634,True,0.0575377034513
b2175,2269978,2270545,False,0.0574392952145999
b1905,1988715,1989213,False,0.0568861819832
b0392,408608,408950,False,0.0567392680081
b0847,888133,889819,True,0.0563382759866
b4133,4360395,4361934,True,0.0555917499638
b2753,2876580,2877618,False,0.0547711918542
b3515,3663889,3664618,True,0.0545567726196
b1969,2038151,2038823,True,0.0544908501338
b0562_2,582151,582804,True,0.0544289228885
b3535,3695996,3696185,True,0.0544216635655
b3511,3656994,3657567,False,0.0542683533694
b1056,1117900,1118476,True,0.0535216784172
b0842,883672,884905,False,0.053303308558
b0841,882791,883388,True,0.0532346087317
b3665,3843963,3845730,False,0.0531776400467
b1141,1200786,1201032,True,0.0531328297612
b3225,3372682,3373576,True,-0.0578357429106
b1422,1494147,1495071,True,0.5341186155309999
b0382,401385,401646,False,0.102100450553
b4077,4294480,4295794,False,-0.109186098713
b3346,3475717,3476440,True,0.4516480441
b4050,4262839,4263082,False,0.0988654892674
b3708,3888729,3890145,False,0.0971007708655
b1925,2005302,2005713,False,0.0963482316033
b1420,1491961,1492129,True,0.0889160378771
b4026,4235905,4236148,False,0.0833590299248
b3369,3499447,3499615,False,0.0796675645083999
b4501,2476309,2476510,False,0.0789704587441
b3343,3474677,3474965,True,-0.090791499391
b1379,1441320,1441743,True,-0.0976050311683
b0447,468382,468841,False,-0.124451806078
b3344,3474972,3475332,True,-0.125104257923
b3345,3475331,3475718,True,-0.129192982323
b2210,2305107,2306754,True,-0.131574543618
b0208,229966,230881,True,-0.147760421998
b1380,1441853,1442843,True,-0.23561636305
